x,y,z
1.6302720913214945,-0.8689235644944571,False
-0.13513891408304568,1.9803761320601039,False
0.9681315070421985,0.9277337806325627,True
-0.044577813999449045,-0.8560854938347813,False
-1.8464145287559526,-1.107561174370359,False
-0.8568816247745437,1.059275844655067,True
-0.04722737157297008,-1.823035906557182,True
-0.2885536910713906,-0.5962482256260473,False
-0.14391908592709246,-1.9731885645913803,True
-0.39916705635423044,0.3728824961108099,False
-1.4957836556579363,-0.6896290875330964,False
-1.0033547384148207,1.1927841350404709,False
-1.4490285734420718,-2.344926966673357,False
-0.9971055501598877,1.2104077366629307,True
-0.4543068296959414,-1.7852510212103054,True
0.002398785384576385,-1.0534992059199024,False
-1.9403898606311505,-2.1152562538868027,False
0.17873494711133686,-2.40100852389475,False
0.294046987847957,-2.416523679066225,False
-0.8304331088610963,-1.4302538441468113,True
-1.3639828888422172,-2.7539198517506187,False
0.4619770776691654,-0.912903175954793,False
-0.25086462772699836,0.7906551372112034,False
0.5359796811376616,-1.36814025521318,False
-0.3274283776413882,0.27156192885245556,False
0.9679796117759121,0.9083801138733459,True
-0.6196322913909134,-1.4722256884488645,True
0.17131828185950582,-1.7929736977216906,True
0.523024709711871,-2.1051516666495096,False
-0.9217907719682708,0.5619979772692951,False
0.8735271184967148,-1.6143204821091701,False
1.3720325137092169,1.2897312467380786,False
0.1952646700394165,-1.9885843343675333,True
-0.9476881155643966,1.5553030761889808,False
-0.49288357133344984,1.8480939131553917,False
0.22298423881065266,-1.7804915595712847,True
1.8789480656126196,-0.5328918809616829,False
1.4877109034190719,-1.62906909164644,False
-0.19490767773984663,0.517113470597951,False
1.9902117953223968,-0.6205925331180655,False
-1.2096480277076354,-2.897542668492829,False
-0.030483498278889964,-2.4241902771158292,False
0.5632313505422779,-2.7203339619376687,False
0.4904950415155427,0.840086543943487,False
1.0121171805331541,1.0298983935542048,True
-0.24117557726353267,-0.21814797790158158,False
0.9223581749009591,-1.112197328475816,False
1.4854076710795248,-2.720655888227541,False
-1.0534857263720263,0.997840215335335,True
-0.11633323088909098,1.4033644575383084,False
1.0694103287678765,1.0678629673709856,True
1.4964926620003598,0.9522276308668274,False
-1.9755111693044265,-1.8445134121980788,False
0.24112415512267749,-2.225478905540812,False
0.595542022307606,-0.0933947199072378,False
-1.0195472412696758,0.9536580600782537,True
1.4689145141276332,0.7352992847854605,False
-1.0238335365467326,1.1932178169581347,True
0.9949460310451228,0.9635990043692891,True
0.5604696494530224,-1.0453370796654116,False
1.0036141936684073,0.7925022399309971,True
0.4044242294068683,0.16863148025991803,False
-1.0217199125144638,1.0331526518352152,True
-1.2074980486170048,0.8997244782983083,True
-0.9711418677656792,0.9457420483093221,True
0.6235321089670851,-1.6311681457661849,False
0.4621347630988182,-2.665968726957628,False
-0.8002542339693064,-2.3758842322242164,False
0.3395983716545259,-0.45944656924456817,False
1.4056945604678268,-2.453818871776514,False
1.1043944655495324,1.210778515279337,True
1.0427188603165107,-0.4362441021083847,False
-1.0392202778771287,-0.2762915429620154,False
-0.990088798305091,0.9636910093562742,True
1.5791266523221297,1.0196027650135129,False
-1.6278125251040514,-2.187484988153087,False
-0.9771072744495947,1.109274105729084,True
-1.038336458015083,0.9218183911926889,True
0.6865736566392799,-0.17611983102044348,False
-1.0611281674795763,1.0102035112292331,True
-1.9912922002916824,-2.763045786598228,False
1.7988104009301242,-2.28991140806231,False
-1.861105350405555,1.2612480664529357,False
1.22826516163967,-0.09049363072592698,False
-0.4311602534072261,0.17095719241597163,False
1.8326963629380892,0.4272016005231478,False
0.23977446565636917,0.3581775305813828,False
0.3560471886940484,-2.0136804009082003,True
1.0430837007496265,-0.9509649307389547,False
-1.0951520941231556,0.9872869543924233,True
-1.2335333031297497,0.7665651081355254,False
-0.027806519496163418,-1.8914517723144415,False
-0.31795026813204075,-0.5442889201919505,False
-0.9818327254676318,1.0274492570746403,True
0.16330621420984448,0.1296724165123111,False
-0.9532330984460269,-1.483135656332677,False
-1.636420625263392,-1.3570783356724088,False
1.835780325918992,-1.3469430811036367,False
-1.9340293231952503,-2.407732414128506,False
1.5454073315601726,-1.8051452532138275,False
1.0447720366865036,-1.2161626619611288,False
-1.372192024289176,-2.949270458270083,False
0.9972052913216496,-0.07414112141931506,False
0.47051236427969023,0.1222615988138287,False
-0.21658595760749977,1.1137504449861266,False
1.8548234690021017,0.05400707114466874,False
1.79007675083297,0.5553537682054568,False
1.1181944105999233,1.039137144842193,True
-1.7223090447214808,-2.675945193213141,False
-0.342972140493206,-1.8580183996927702,True
-1.8336199208794333,-0.6039493921091488,False
0.021303253327713545,1.2585898477618551,False
-0.982789225574259,-1.2420205621939353,True
1.6093638550212241,1.341582478999265,False
1.1104351569860313,0.9568450484483955,True
1.5657677191797408,-1.2385721192731216,False
-0.8207660803353057,0.8687287293407768,True
1.539966148606347,0.03375636652539615,False
-1.384082536769911,0.2009531907654032,False
1.9603154554225428,0.7313457534547148,False
-1.8993829745581143,-2.535513585927128,False
0.08509485307968845,0.2178460890900853,False
-0.9162433787549863,1.0514144713389246,True
0.787637975090707,0.9666497559566752,True
-0.8912286263475859,1.043880126303439,True
-0.43991537940742287,-1.9618839729918616,False
-0.8151556719391002,-1.512046352242833,True
-1.5240599794547416,-2.4749045147320334,False
-1.042782610997202,1.1498569955138538,True
-0.1848798046876241,-0.9258199842465489,False
-1.6691912719019144,0.19901722948198453,False
-0.07975041453128418,0.9244442960035459,False
-0.6976942720838455,-0.07690133337396432,False
-0.7269822167820785,-0.08124768154637252,False
0.8752347076948768,1.024945521515245,True
0.027353798831553977,-2.7945877936500283,False
-1.604134757912683,0.6055603601488011,False
-1.0143793945257675,1.219369636576741,False
0.32844337406901714,0.1477474281101574,False
1.2500639295059832,-2.382530594692109,False
-1.9990910003433129,-1.3664306256643939,False
-1.8730339585900802,0.7810959264899031,False
1.4626865845296502,-0.2219766710655824,False
-1.9215123600125263,-1.3234784360605678,False
-1.1211346502698398,-2.0912323989476236,False
1.518259032683345,-1.0131983190751903,False
-0.966749337783775,1.0528944408856047,True
-1.002534890206277,0.9712447550715892,True
-0.13823678766585568,-2.732260759616678,False
-0.38451284727739354,1.7317467375438262,False
0.8082312981025477,-2.9509384064980906,False
-1.3941235044004632,0.09324559902328922,False
-1.5712070299178067,1.6364052995755491,False
0.7251850780964713,-1.7741673532352986,False
1.771800696443273,-0.502379397789753,False
-1.1900993964161102,1.4392168179153,False
1.6828053025275111,-1.352436613834071,False
-0.5241296636934243,-1.5747650015892047,True
0.14393477340970495,1.6075782693963694,False
0.06357590853621886,-2.5548852298634595,False
-1.058822672828852,1.0025941713524131,True
0.32141213306276617,0.5880411117406479,False
-0.9671218837685573,-1.212610428187117,True
-1.2247553684591468,1.0996272361205115,False
-0.868148545961696,-0.5239306048391494,False
0.8241660788828442,-1.691746677464517,False
-1.2629484512146565,0.6984488874830102,False
0.9645491291930626,0.9895238876932896,True
-0.8967276784264139,0.8260196202477441,True
0.1775730963541049,-2.009299922812001,True
-1.7553465666793362,-2.7194321726912385,False
0.873439946239879,1.178797963245575,True
-1.1473725765252176,-1.4151023219203576,False
1.7279551435546812,-0.578379267283244,False
-1.2898522222503388,-2.7231496454683213,False
-1.7890816064629624,0.2646135318498648,False
0.22776690635950425,1.7195685166388683,False
-0.7681629484841594,-2.5967354974411063,False
1.7207300980421567,-0.7006321592572382,False
1.2661114254180412,-0.4336819592208525,False
-0.3791359049765495,1.6330879158335208,False
0.4421605872645271,0.9921295447733525,False
0.193947545019729,-2.1088468573207715,True
-1.0233174829072604,-1.5404079672108408,False
-0.8566046118000132,-1.0471960473956428,False
-0.38367401024863046,-1.3609389083139862,False
-0.5614176500545531,-1.8727422649986878,True
-0.02026042182480392,1.9058645347219967,False
-0.8709094028529365,-0.6621533471261989,False
-0.5212499343265198,-1.5890688896688605,True
-1.032805117134529,-0.7174613228296609,False
-0.07859443917075026,-0.6461578432449357,False
0.26933751428086916,1.882945417170431,False
-1.8172317268992395,-1.4563116308152302,False
1.1321158192129386,0.8453094446770759,True
1.3096689513775894,-2.1114186276768665,False
-0.9775414229235103,0.886529177343171,True
0.9796067133898749,0.9817824588334266,True
-0.0857802065687503,-2.1401886222985005,True
0.6133243491281353,-1.0093188963278017,False
1.0863064860590625,0.8948372140534788,True
1.1529400674483932,1.020545485392598,True
1.81404555162975,1.9047566808323992,False
1.1126385822137272,1.0247111716157735,True
0.7986483756984739,-1.4596643090397121,True
0.785214496235639,0.8652467486542245,True
-0.19438110479178916,-1.980675256188024,True
0.7271825532855085,-1.4525691584492502,True
-1.688855073010691,-2.7807856025775726,False
1.894437034887404,-0.7039784290207827,False
1.818914210957482,-2.7115363505896473,False
0.6283459286609023,-1.5473217982310756,True
-0.9444122573614375,0.9318118694508869,True
0.36251428150489806,1.9112193397320887,False
-1.49591296870725,0.1463885738159898,False
-1.8657399223601052,-1.3120788237670584,False
0.5519213824976434,-1.952427245447634,False
-1.324347288623779,-0.277757270153693,False
0.6163127158260879,0.35169698811351147,False
0.698628687555658,-2.7380373013039416,False
0.9834309140861408,0.25288672767948395,False
0.02955776273356303,1.4464560897168424,False
0.8931011216519867,0.9488118690873185,True
-1.3697570746299825,-0.5908013082910046,False
1.5511248066580432,-1.566053748456866,False
-1.1002562670710665,1.1207348203245673,True
-1.5566140346193902,-0.2637797189843054,False
1.6508267632906768,-0.7329025575169279,False
-1.0896904170697512,0.8275606921008167,True
1.0565738306062595,1.1545658804625558,True
1.117681245010493,0.9475663897367544,True
1.7286617308995784,-1.3468972798134806,False
1.0270835848826805,1.1391986193446408,True
-0.5988175296564964,-1.5343236307852992,False
0.9061847385906896,0.8760928437405208,True
0.9025049426749998,-1.6209699100487136,False
-0.8269937724626386,-2.6058050549527185,False
-1.1208015592829648,0.8660298960025085,True
-1.7301696308699226,1.3770248848683382,False
-1.5853909423966077,0.9006923157554549,False
0.15006470423607565,1.026625201164797,False
0.6896914489890218,-2.1606691426807068,False
-1.0148741849332863,0.9954629588040708,True
-0.6834309214937477,-1.7281787825115025,True
-0.6103831022498798,-1.3554756863031399,False
0.7975413809458498,-1.4795258778319176,True
1.8269194952820405,-0.9130712146675535,False
-1.1088088779729253,-2.904310171251521,False
1.3610119428630858,1.6448112047898515,False
-1.016532947651728,1.0119113982598342,True
-0.8631779737774041,1.0891625117526809,True
0.6312830064575872,-1.3064898800031006,False
-0.16154036925576087,-2.1498498382813427,True
-1.2149634152637243,-0.8866757260951861,False
-1.829284583688401,-0.5946121143368894,False
1.4786126068731789,-0.39577688442515235,False
-1.148712435787274,-2.3283241374074515,False
0.8482284871871348,-0.6138934319346356,False
-0.5322938483788713,-1.36811377110537,False
-0.6905673447553602,-1.7181842563627823,True
0.8742432013513493,-0.05621425945618119,False
-0.939213781379052,0.8919903516842409,True
1.538607192275101,-2.2656153170273226,False
0.9080287281186648,-1.1321234304159848,True
1.37204178889714,-1.3295835023879183,False
0.09686621537418327,-1.8478103422064345,True
1.3755774971558457,-0.9495447699659207,False
1.259176942986926,-2.0348095981767433,False
0.8290114720901394,1.2286482801228393,False
-1.910832249696596,1.5583393803403318,False
1.8617169026554499,-2.4211451352350717,False
1.0139683274031295,0.9776981018117524,True
0.791473435787989,1.1930246767465575,True
0.2577013425915573,-1.1071787142201446,False
1.0700907730915605,1.0984188070722416,True
-1.6159396310056056,0.6125708570674844,False
-1.6480452378271973,-0.9725139246438328,False
-1.6955295357762799,-1.2676780581826714,False
-0.2187769408151805,1.6183783181988582,False
1.004707163532571,1.0394844209327205,True
0.9691572003745508,0.7680931829430713,False
-0.8755582718774466,-2.742916397201591,False
-0.8406033922617278,-1.2720875255671167,False
-0.3351320151798638,-0.12138296525022785,False
-1.0050049692409835,1.0743952846164895,True
-0.22226677419382845,-2.0086349404083017,True
-0.5739867920407296,-2.827204225888119,False
-1.2921069296212013,-0.17909364765753732,False
1.4708267019604437,1.1689200989470487,False
0.46046914368549907,-1.9762548703288485,True
-1.7327870278264905,0.12893825566778805,False
0.58363140323149,-2.278181685786077,False
1.3959275055772804,-0.2834482147061297,False
0.7602496023861184,1.154102998327794,True
-0.8895539763266851,0.9574327973479407,True
-1.057230235074516,1.110558696279716,True
-1.9597854210606145,-2.6646801359719774,False
1.0728454576595046,-1.3848667481322576,False
-0.4882350677353071,0.3160915446882493,False
0.632865529253098,-2.471857819875935,False
1.0680656004381457,0.8181501009608385,True
0.6225983989480854,-1.471598474184894,True
-1.6010223273189461,1.220290213229613,False
-1.0226632293676836,0.9076169279823076,True
-1.58768917598058,-1.6584046326904547,False
-1.0424466712863338,1.1118854972135863,True
1.0023504585885394,1.0553776977863365,True
-0.5610837225718908,-0.8964763384285175,False
-0.10330185743288745,1.3731218106206464,False
-1.0217545480490475,1.2637791210703864,True
-1.3602235506176505,-2.6283065793737417,False
-1.7350877422644877,-0.723459503117045,False
-1.842754154896078,-2.281399150198017,False
1.510330000415716,0.8605042250357959,False
0.003443503076787202,-2.9135770670651118,False
-1.6463536829949228,1.7207929433047413,False
0.2852720648873577,-0.6129228525522756,False
1.8823568450791113,1.1186091966541145,False
0.5532120811967887,1.0060381700072352,False
0.3161794547085197,-1.9099624562005943,True
-0.3193383641523415,-1.7005513824018252,True
-0.2809078999199688,-1.5639340474760757,False
-0.8615419839160926,0.9713574586064244,True
-1.1815557692432086,0.9089876154304858,True
0.3275149336764014,1.3186133907379496,False
0.6178606475618387,-2.5470517895984495,False
-1.1436573936772119,1.0210717052505656,True
0.4608289029384667,-1.8225249381168505,True
0.0833248701609306,-2.372529368695168,False
-0.23401788460003803,-1.9381430797262638,True
-1.2102893014207519,0.9078166729818675,False
1.3959427022704363,-0.2141599134391976,False
-0.25925229768534086,1.9133474266719883,False
-1.0683600442224659,0.6942109922630784,False
-0.3493803521143424,-1.8715581365370513,True
0.9816891459821001,1.105896918757115,True
0.4135178489828535,1.1372387125036267,False
-1.0470014813397788,1.0349566771627665,True
0.7462489109559316,0.2013218407619921,False
-1.6772397872517657,-1.9133914504563116,False
0.9863205166738652,1.001828919134922,True
-0.9497074482329368,0.9368601221621481,True
-0.964416100252718,0.8729936521613711,True
1.0767368735752412,1.0984919841909897,True
-1.4867945171606545,-1.2652256890584934,False
-1.0168699112217514,1.0797876496421162,True
-0.25484717116859423,-2.6505689161894663,False
0.19244952396069204,0.33452369242212043,False
-1.5354464269393717,-0.07954359062163041,False
-1.6658644560151439,-1.6471459595017013,False
1.2086656760284114,0.6645481518911929,False
-0.19631165400359363,-2.295253877004047,False
-0.8593823860505732,0.8750303227205647,True
1.1033800732555499,0.7599546366187704,True
-1.1120520993992724,1.0048264206925657,True
-1.4517157828636842,1.4354421085213627,False
-0.9414400689070143,1.0352800560108406,True
1.1643039302757066,1.3081940302990018,False
-0.8533957784416222,-0.4195336551211275,False
-0.269237837665147,-1.4235479596860081,False
-0.96772604381148,0.9622850574388443,True
-0.923538870331178,0.8810556529152138,True
1.9563856931677268,-0.6296036431558512,False
1.2123691888593553,1.0122273434258828,True
0.7923976057376598,1.2125963155995425,False
1.1318151554180136,0.95306947152941,True
-0.5730905019255661,-1.8486442218512766,False
-1.9073569891913662,-2.204156010516349,False
-1.9178592922749411,-1.7396561056969713,False
1.0015696372114429,0.7757315045814595,True
-0.2642754131227443,-1.8688704134225875,True
-1.9129109521669587,1.8705341278323608,False
-0.8806420462158604,1.7183129708309144,False
-0.7641450580293627,-1.5605214559063323,True
0.04688505550936739,1.8952351696095446,False
-0.39700532191235993,1.102587430637481,False
1.2197931130836537,-0.9133278214778451,False
-1.567076725647452,0.5390981968302753,False
-0.12795300229978723,1.4755186742147206,False
-1.5067820003174996,0.07201409480609522,False
1.0363177347544452,1.1893679825551842,True
0.9316210177568992,1.105720333121413,True
0.9514247255717192,1.0387674455777598,True
-1.7446526427804505,1.4668094095938402,False
0.8763698658885728,-2.795160567830905,False
1.1321105615470206,1.0152630552204533,True
1.9181388554328587,0.2107797163808307,False
-1.4827609768911016,-1.613242582334986,False
0.1025448309565955,-0.1135854182605569,False
-0.5269409700250103,-1.7766783639866703,True
0.9055038844851993,-2.410339917547029,False
-1.8647568246715989,-0.1932062355196642,False
0.018525123017182565,-1.8295083793663727,False
-1.9932412721725878,1.3796350344809811,False
-1.3552794891872613,-2.009408278180542,False
-1.1724050203538128,1.0089901573272728,True
-1.7260194758088718,-0.5185918276856851,False
0.958549515646781,0.8574205266561978,True
-1.0278367461593008,1.003678625863071,True
-1.106927833044534,-0.3357354503080838,False
1.038844223719198,-2.5475806521519075,False
-0.9414915720498276,0.9825701847247913,True
-1.649521418852487,-2.1896775422936097,False
-0.2353243783896568,0.1519305976350087,False
1.5593479001085129,0.5924753338417972,False
0.916115707857971,1.055392125143972,True
-0.8978644341009945,1.1709656094979874,True
1.0074484076643166,-2.024981056783537,False
0.08675084703411651,0.995051521065526,False
0.9879419860204846,-1.2806302748233385,True
-0.610822832228826,-0.896931843189257,False
0.9655233985745356,1.0528288145297393,True
-1.0422450418642022,1.7644408899137964,False
-1.0563890240411256,0.8477820443176829,True
-0.8919189823505245,-1.7555784870920235,False
0.3767304302293777,-1.2995091799229308,False
0.09567767788406933,-2.157785356178985,True
0.8598026718499157,0.9899081800051086,True
-1.7379177364890075,0.19707604789254862,False
-1.4898865549795048,-2.9142391019526888,False
1.076435400887481,-1.0999888156572148,False
-0.17648434408968994,-0.9587051482588675,False
-1.7716638948450192,0.4874924448640252,False
-0.2587282656850938,-1.7503466439274507,True
1.0403248969883996,-0.46710657833545977,False
1.2890612359005744,-1.2776619990427824,False
-1.0731033342585206,0.8977226295304856,True
-1.0586464621758387,1.024025265459505,True
-1.0217754488187571,-1.6917695147755851,False
1.6725460783968917,-1.3310581119598526,False
0.9781282371691038,-2.857624016689294,False
-0.5697965881630367,-2.720816662014238,False
1.558764345100104,-2.600398699761648,False
-1.4636422255835022,-1.2857197539971517,False
-1.0349497840743767,-1.0824988822081738,False
1.0255801198559884,-1.3413865168459362,False
0.911895290779843,1.029507995978624,True
0.21960795160166757,-0.7952236737192959,False
-1.784791096896201,-2.5784988209347803,False
0.530998784426624,0.2326912073905385,False
0.5259480771625031,-1.6628317215847872,False
-1.4098314519292345,0.6572083929258232,False
-1.8857678578236836,0.21691208191080946,False
0.8590688744396169,-1.3892450152674858,False
-1.0845290389566244,1.041510055838158,True
-0.19200836798788812,-2.0830171224896747,True
-1.1907547762138444,0.9089484399313679,False
-1.2502012326375267,1.358741317417052,False
0.8440304211427758,0.833268598418357,False
-0.7379745652112271,-2.1033423198020325,False
1.9122614588090574,-0.9766084735269254,False
-1.5405736323130528,-1.4325133623751354,False
0.2525106950262255,0.7335923897405783,False
-0.5292968828055442,-1.3007163038597487,False
-1.5643888803735293,-0.3557689416296501,False
0.9723353872723013,1.192453332001529,True
0.7807611913926054,0.35510641990775405,False
1.0307968855216034,0.979150123689412,True
1.3510487572898122,-0.03621960583783013,False
-1.958065023705795,-2.009735434522503,False
1.0772759788879154,-1.9402977115161124,False
1.0109614925591286,1.9130985872216364,False
1.1863801062132504,0.8287726075528744,True
0.9255223326156621,1.40703238337181,False
0.6550841368710532,-2.7393241498788754,False
-1.1071368671455089,0.9951539497447617,True
0.030519816092046348,1.2222846350433354,False
-1.1154083940382602,0.8619826604928161,True
1.1357797258107059,0.9195166275833296,True
-1.090315903699688,0.8902721937580969,True
-0.9226224013458637,-1.0745073485490697,False
0.9751567945619153,0.9382293352002984,True
0.6928726455396932,1.8026396217080167,False
-1.447298952162853,-1.95811104543123,False
1.3038583957043048,-1.937019958748638,False
1.8882427929260617,0.9186110123215014,False
-1.1786634532201452,-2.6878920154317565,False
-0.014320999713923754,-1.9927425059107624,False
0.24406608575136213,0.14176585361933647,False
0.998538284044475,0.19997806505035998,False
-1.087834865039337,1.4584388241823696,False
1.8751680206564134,1.8349893580372347,False
1.330281417925553,0.8595360470537354,False
0.3301718297638234,1.5732413664882454,False
0.18476418683828877,0.1718552097582049,False
0.4634470245535294,-1.2145031973534244,False
0.8590568260077232,1.1422985952772242,True
-0.22184554198509643,-1.8113945537176597,False
-1.257079594390068,-1.2297333063448734,False
-0.9499930414971773,1.1951103236540062,True
-1.7747829968363762,-0.31885337160091165,False
-1.8793282667131406,1.2301356797769003,False
-1.62774418388077,-0.04712728631735441,False
1.7468455701656112,0.05668050179349482,False
-0.6693805946438705,1.665614728237788,False
-0.9010585152714149,1.1388647381631718,True
-1.2669773145341812,-0.28207419703637404,False
0.29320530958305735,-0.5930542272298136,False
-1.266071895458436,0.9263713309115063,False
0.030297960785700795,0.2233042024212688,False
1.0628775826538295,1.0186494348773074,True
1.067555408512238,0.8182972773409803,True
1.0940052779091949,-1.5880312225961863,False
0.003436956893867915,-1.3110194020290584,False
-1.9094700961906579,-1.4000133684321159,False
1.0797435419427874,0.9620189215952621,True
-0.9868604632774085,1.0434437185102232,True
-1.830711938007695,1.1420996033324204,False
1.2572271426197363,-0.2346080719941055,False
-1.0170801030697623,1.0266973231539869,True
-1.7801864311312388,0.7295750507465844,False
-1.981814134395067,1.3697498026484425,False
-1.830796051704672,-0.06382077866724911,False
-0.0030130259020773043,-1.8309335273200984,True
-0.9165786313165236,-1.3786188852025127,True
0.8626772706966894,-1.4699582041738504,True
1.7795572640523667,1.577725996399061,False
-1.5475289984016771,0.7587825259555547,False
-1.071484163790307,0.48253793803086076,False
-0.5248702946152539,-2.775848506933349,False
-0.8996859637955068,1.1078673551320406,True
-0.9637981804329555,1.0572592191043246,True
0.39429879716812666,-1.8482396468849778,True
1.7911274743006813,1.425237258350931,False
0.8227527498689517,-2.7485941066710047,False
0.33570931844287566,-2.840864417145354,False
1.3304150126635563,-1.5439991892375144,False
0.08458111598252782,-2.1563528887651175,True
-0.9925986870784791,-0.012864444701423228,False
1.0496142926247596,1.0796594866664952,True
1.5727236799323068,1.0545934739351868,False
1.152765358473276,0.529200099347134,False
1.0503591759111204,1.0285295684781857,True
-0.9806535766180128,0.9503255062135091,True
-0.5118185115152785,-1.7749505401442756,False
0.8436122890847386,-0.5355314035825884,False
-1.1775289459854865,-1.8064939164857203,False
0.12192601976122841,0.5512450954169554,False
1.4660737328475824,0.521755711869814,False
-0.9659247314870236,0.9801925040376431,True
1.0440266391668729,1.0688971856326943,True
1.0875475504274323,0.8289284675970471,True
1.5062591721455232,-1.276193404212782,False
1.0288376847715266,0.8948461062429962,True
1.5542330292567916,1.1610860662556872,False
-1.6322581023748248,-0.8205177236355379,False
-0.6775708090942012,0.5605886862997616,False
-0.6215685660926722,-0.46851634405065656,False
0.3784683498825774,-2.695396655269752,False
-0.9075557132656634,0.9938753700133686,True
-1.0982249936457422,-0.8898758006402803,False
1.3517018535493888,-1.263602497988714,False
-0.5044061299704752,-0.11140204588451885,False
-0.07891863771937446,-2.2249217858407517,False
0.48650570181263353,-1.0574894056876474,False
0.115737985361692,-0.1828577586240323,False
-1.047054625791978,-0.3955343923472294,False
1.0513082144466992,0.9453583719726406,True
-0.6236000226751939,-1.696833119770731,False
0.2709539246558572,0.949141759517679,False
-1.1341381442180412,-0.010103587668834901,False
-1.6539314942656325,-0.32692165380906957,False
1.3812577088027989,-0.18250412235071467,False
0.9730912115270609,-1.0977054219222901,True
0.9055034356246567,0.7895133870030091,False
1.55214311666063,-2.163460307946693,False
-1.3789616957236013,1.9277445535775808,False
1.3744657788806487,-2.6985299814686106,False
-1.3195107952735943,0.6738285023281336,False
1.6825925546885387,1.6566693936434866,False
0.8258290407026538,1.687109292778656,False
1.6917954318649921,-2.748176893761255,False
-0.49670770455949187,-2.5513818352838733,False
0.2732242005566987,1.6257756066710005,False
-1.0807038308472814,0.9657989218120785,True
-1.496275864599847,-0.16729188563006492,False
0.9617230918343997,-0.8670599415368025,False
0.9549234896863725,1.0749163805919064,True
-0.7742705523658084,-1.3487522453899148,True
-1.171849742990417,-2.137274537950442,False
0.8809656102276806,-2.227738176171179,False
1.2704606779743757,-2.6192240562516167,False
-1.983702332562233,-1.2225813898864053,False
0.9218894716374608,0.9531982333662514,True
1.012055308806242,-1.4118022132739072,False
-0.9574469408602142,0.9019275642499414,True
1.1296664913335857,1.9022964098997006,False
0.9279411266634988,1.0887162940307737,True
1.2620451276738365,-0.24017021811950467,False
-0.9286159228804957,1.0133370962194121,True
-1.8675855244701869,-0.6731458755807158,False
-1.7969014770948144,-0.11015693318146536,False
-0.5630332099385953,-0.8788045389227794,False
-1.0353571526661427,0.9969341135063216,True
1.2731893908106016,1.4218544911285536,False
-1.4518569568020978,-0.39216231503300003,False
-0.40602645100897394,1.3149286667764573,False
-0.17885089773270213,-2.0833135179626696,False
0.578411379391452,-1.6835542266737469,True
-0.5103780685701529,-2.472877959721849,False
-0.7396832642906523,-1.3382858138354061,True
-1.4320477493831785,-1.0764205540803484,False
-1.6074901549600566,-2.67430259932714,False
0.6345849304672346,0.5817033809999139,False
-0.8908740140778248,0.9510977941726291,True
0.5488126402431388,-0.20276154249427636,False
-0.4388393853537722,-0.8238981909258296,False
0.2380084382326364,-1.8917762936804121,True
-0.8222408630641689,-1.6168227112681772,False
-0.9240347467907037,0.9576993771580752,True
1.2137056322879394,1.1415328414412214,False
1.6518767655452633,-0.6810829777558864,False
-1.0961602240881236,1.1245609937147847,True
1.8997349790269968,1.9105129664885183,False
1.3226803648555299,-1.6062408710164835,False
1.0952478345109122,1.098813758259331,True
0.9049868160171144,-0.8886533977025057,False
0.6283204800673983,-1.0462190273963141,False
-1.1150953065625964,1.0419059824673966,True
-0.39970509974691093,-1.9899584464963433,True
1.2225724431562242,-0.4888793170340193,False
-0.0783376868449066,1.9886421255251552,False
-0.39602412251224806,1.9394409119990321,False
-1.5365877640770962,-1.4772282013213285,False
-0.3167628790732284,-1.7116981413106098,True
0.14129393779619992,1.078936242440089,False
1.7127306800490083,-1.6124083446781463,False
0.11250843628454676,-0.9384461288415138,False
1.5573727815097147,-0.9156838951312087,False
-1.9695541020803402,-0.7168343996183304,False
-1.1742137630594964,0.9905565192258556,True
-1.2844263307204793,-0.1817804024293448,False
0.968738023303894,-1.2711552284740628,True
-0.015478157111626256,0.5315957895567704,False
1.0704228225462173,1.052350796789381,True
0.947537265407153,1.0071878039370368,True
1.0471435163732492,0.8809024305293536,True
1.711864384615148,-2.288748240452043,False
0.2585251219165383,-2.678632643842217,False
1.0354020332199239,0.996448697472186,True
-1.8884511698525523,-2.2346921718210435,False
-1.0259843694363389,0.96875578228436,True
1.3230984758638065,1.222685977044474,False
-1.0360156570869028,0.9541759610662507,True
-0.33768455901425165,1.08224953010465,False
0.6754868355124746,-2.3427057764577146,False
0.6150081208891063,-0.0681883643031842,False
-0.9861502168892047,0.1791298051653354,False
0.23227850992325338,-1.7789205458068,True
-1.94657718741546,-1.4247326941761007,False
1.2900822468442592,0.9350384160807166,False
-0.6490510794439812,-2.2490885720136258,False
-0.20664892739540974,-0.3715892008455324,False
1.3288492257950342,-0.20119154276356488,False
-1.593648577446125,-2.2858361483062883,False
-0.7449541986910859,-1.3168121887514992,True
-0.9927851137607715,1.0613151678424644,True
-1.6353152318023167,0.20660112591866175,False
-1.5915312817149792,1.36393293481225,False
0.8669721753202939,-1.1934107842292945,True
-0.5305388524484056,-1.5515665558977214,True
-0.00880043768753258,-1.9831279115488372,True
-0.2961433877982409,1.0895080921930322,False
1.0816593926547842,0.9918052948173335,True
-0.9022868967256397,0.02998927778438132,False
1.9838113639526322,-0.3477495585253254,False
-1.1719316667927548,0.9970439097246915,True
1.2211154388653886,1.8481822251538205,False
-1.3911130414780355,-1.3709828658580694,False
1.958978463316039,0.6259717065403652,False
0.9495957281918036,0.9211559815482121,True
-1.080061044519124,1.264937831215585,False
1.1224574355126173,0.8718891724855957,True
-1.9572329931260577,-1.1002284444217039,False
1.1189910374286853,0.5394766919000427,False
1.4511846722306188,-1.1143821978029056,False
1.8450564396854516,-0.750289370079249,False
-0.681757498211685,0.08627025640423458,False
0.7276407540499337,-1.4917752431369768,False
0.2286719633326899,-2.0252620062062356,True
-0.8288574002988424,1.1435387086252622,True
0.5093480973462148,-0.6617351520164263,False
1.8168660117850273,1.704111727949389,False
0.3516216049745906,1.899596666739261,False
1.6447224913912182,-2.900784313906616,False
-0.05873721045373825,-2.486615497886702,False
-0.6377274467878731,-1.5197072904237008,True
1.439092570518663,-0.16681700495342122,False
-1.666037581120027,-0.20244628689256983,False
-0.008283444613439439,-2.3630572226930635,False
-1.770434181045085,-2.090779301644403,False
0.987827159133318,1.236576862884004,True
0.2625870860928745,0.970219645116551,False
0.9525979109874315,0.994330428350907,True
-0.31356750623067065,-0.5155227190723588,False
1.1047578572892722,1.1045938255627665,True
0.9171084417267008,-2.552784984377171,False
-0.010528531182274925,-2.690133182178986,False
-0.5149243745409353,-2.016668833369792,False
0.5723235331990484,0.32837897563375495,False
0.2016125720855153,-1.4740426494779408,False
-0.4348667349991602,-1.5598880663858379,False
0.965302083238387,-1.2767867849841112,True
-0.3165310874090794,0.4511021910548867,False
-1.0905276911912605,-1.6761793271162146,False
-0.2001385792629069,1.5246389701313179,False
0.667643626120134,-1.5388125091960256,True
0.7888386844478363,0.2777134147471303,False
-0.80296735094459,-1.5144459353259518,True
0.7454196044110657,-1.417433463769701,True
0.7732512148821278,0.8404841380333647,False
1.9564074327173442,-2.0788662131884657,False
1.0464392325050895,0.6436483339375265,True
0.6553894009884194,-2.183873699434037,False
-0.8696239248848241,-1.3113541559270299,False
-0.17239576364128206,-2.0333726304935555,True
0.27883156042496626,-0.5060923975902445,False
-0.8327373191545293,0.9459200192350125,True
-1.6753538098960608,-2.1512301748723197,False
-0.464530912125384,1.9793985458651067,False
-1.056009294587707,1.0164954557033363,True
-1.0766039883522829,1.0099882076502626,True
0.7985938544648361,1.9068245909987915,False
-0.30012645608303457,-2.8081477085645923,False
0.9068206327319404,-2.3129493963419434,False
0.04955223884629545,1.5042737759911748,False
-0.4239083585095713,-1.589607930077134,False
1.8764232485413226,-1.3568519077031316,False
0.7728133491471816,0.1083484812175568,False
-1.0400644202059977,0.8862938461790876,True
0.743569315886895,-1.3479729330695696,True
1.3410994124192426,0.1962057507667332,False
-1.246394058523419,-1.0300671883531511,False
-1.8350097582036944,-0.853123108747103,False
-1.099805565877154,1.0191169912823206,True
0.21000766051429043,0.187656689582532,False
0.748085445572441,-1.6553610227719184,True
-1.1008547867625955,0.24389772646099495,False
-1.6298554863871626,-0.9771735401650408,False
1.162403446584566,-2.5853734924362675,False
-1.0495833005213162,0.9586720927581128,True
1.0055764198203478,-2.0988611616483577,False
0.27798827434883266,-2.216316213755187,False
0.7356514230585267,0.32599217760888743,False
-1.6632394519138733,1.5618500412701914,False
0.26936739220369343,0.7960961200770549,False
-1.0014278788627562,0.9753279193181116,True
1.5783801145226444,-0.27545137064728076,False
0.4264504231389834,-0.5878385099605588,False
-0.9869074468023917,-1.1392404441699602,True
1.0076199587837236,0.9433554069535043,True
0.29651911099460415,0.9185938660240947,False
-1.1560148888885233,1.1557397650649022,True
0.9930515227605645,-2.6608782493158163,False
-1.0593356394976488,0.9829711487670499,True
0.599954825913992,-1.5797076526516576,True
-1.5783188834831399,0.7551122169469222,False
-0.1891473873391567,-1.996418553859931,True
-1.1105191591479786,0.8944053661475064,True
1.6904811103857962,1.3235579062562852,False
-1.9844134137531797,-2.9490117366347617,False
1.4366284347836626,0.5348132328352571,False
0.03158796455115209,-2.180900869964671,True
1.4755970856736385,-1.643022580152624,False
0.31309677918406553,-2.7228914223648792,False
-0.9220785434785759,0.9897185705314986,True
1.639723484584045,1.0450166881713558,False
-1.2827834695570957,-1.9529207675934779,False
0.7743328238868705,-0.3473443399841205,False
1.0247792199748547,0.9102843215560301,True
-0.9447475686842002,0.8846906738195819,True
0.5198815330359134,1.7264888644800989,False
-0.030459178858456948,1.162840332147681,False
0.01495664365612015,1.3991614942102757,False
-1.070425204708826,0.9759517463241658,True
-0.9932087642619243,0.996301718512408,True
-0.07807402694599119,-2.643390086602315,False
0.7624284124136826,-1.4858792160362269,True
0.25353387827544527,-0.2358554916645046,False
-1.9581856777634288,-0.3899428510443954,False
1.3298584626721843,0.13515557244887733,False
-1.6643794703919816,-2.830539994015786,False
1.8946991790802152,-1.0466310825445793,False
-1.7732199694559712,1.969466799282002,False
0.5504202694326024,-1.8492198384095027,True
0.36049068799231376,-2.049308114621883,False
1.4211961042580485,1.6953520843391345,False
1.1917176561924983,-1.9238515202156632,False
0.20714766563406606,-2.5664754570128308,False
1.2909596238500813,-0.26454726728762434,False
-1.1530892108386614,1.0801888214216484,True
-0.12855010100772946,1.152482780292404,False
-1.0872369898312617,-1.9896728702671562,False
-0.22561083473236465,-0.6849174190756768,False
1.167057630957205,-0.014384788833247342,False
0.06732218446329186,-2.0537728555661903,True
1.151235517791974,-2.015796662174848,False
-1.217025505818202,1.1400854228232227,False
0.24191379767133814,-2.0341638130406894,False
0.8592915454256774,1.0126781186326972,True
1.3083908985621004,-1.0755100212584485,False
1.1829845893028037,-0.31291976900802565,False
0.468539454262626,-1.937300123490185,True
0.4917253586410606,1.741227148013592,False
-1.682511990911419,-1.5615116386845869,False
-0.29298321923164705,1.1122540280070456,False
-1.1258485528943751,-0.10001721156167553,False
1.7899449319618408,-1.6549526112208248,False
-1.6162534614599773,-2.7214170867897955,False
0.9317116003550666,1.0436257604340917,True
-1.0998330617252243,0.09851569635256441,False
1.0342845043626787,0.28677762088305014,False
0.6943733441202355,-1.5280744726325015,True
-0.5208354458201749,1.6622890327936268,False
1.6294733148232408,-2.325680089532299,False
-0.10987308742979485,0.08585638112659755,False
0.8972149441318094,0.9415281788739212,True
0.175410244431641,-2.873170091218472,False
1.2149975966954583,0.12335230923836482,False
1.599604465767361,1.7229820168752603,False
-1.6709863316228661,-0.05840006493256622,False
-1.5413316810868927,-0.21294571597002943,False
-1.7708184101128936,-0.2761266284200592,False
-0.9289890156310094,-2.7916590001901844,False
-0.39744252373986044,-1.8233469075840611,True
-0.9472953549045036,1.0711112399364824,True
1.0226962541870894,0.8847340890749047,True
-0.6534433985254213,-1.4829232574008593,True
-1.907852979706964,1.7474429034748047,False
1.7218770592016175,-0.7474881129564577,False
-1.3415081022098154,0.5590280639347704,False
-0.993423393494183,1.601522116317276,False
-0.45705124542703457,0.6347349963423476,False
-1.7751694918602339,-0.08236981432047408,False
1.004565018796899,1.090901210039588,False
-0.8872332473934885,0.24070554773785924,False
1.127239507854621,0.8550433391136613,True
-1.1808980921524945,-2.4982968745251566,False
0.13818663028407396,0.2387855282402911,False
-0.7972182206399427,-2.9997845736464352,False
1.8962232443372167,0.20496792319511226,False
1.2693109634320097,0.4787120856113871,False
0.8625941847248273,-1.1079940023998036,True
0.745047332589025,-1.5798145502363379,True
-0.649620013238752,-0.6781074115466059,False
0.21050519924147038,-1.9742065334985377,True
1.6453757981184753,-0.7236539645748783,False
-0.8617002751147074,0.9977539126488574,True
0.054409174415329664,-1.8085660790476061,True
-0.07421535765386378,-2.0053839089105523,True
0.8264651125529607,1.1210383704904514,True
0.9360611635871621,-2.809163339139743,False
0.30242979222728517,-1.9963623308805263,False
0.6644539183600566,-1.7355304734342725,True
-0.7566097717276365,-1.4319134267250835,False
0.6067934636678984,0.9821563390517669,False
-0.31486812587372004,-1.1411721991209847,False
-1.6177325322420155,-0.44540359659309026,False
1.01645295429324,0.9569904309123513,True
-1.7169031032956181,1.1468506574645847,False
-0.8149602198390099,0.96666495732506,True
0.2231455641681026,-1.846510071694667,False
-0.9336359033141406,-0.8509591567798287,False
-1.574604990792789,-0.6401273726429109,False
-1.5083115557885938,0.9650399458605219,False
-0.387698302333086,-0.3985791029576369,False
0.1010673461251459,0.9650806777021632,False
-0.9281095078457102,0.9833440422723092,True
0.5834272953013642,1.5749245351868186,False
-1.758933515478339,-2.475608996101221,False
1.117141826752253,1.8028397524817326,False
-1.816172522204318,-1.1326085084887474,False
-1.1986373428402497,0.4298761672975946,False
-0.2798190845214794,1.9363994409112806,False
1.9367078554916013,0.8359354601805897,False
-0.972972302414425,-0.0889089715308411,False
-0.3082944602103672,1.5095982987894683,False
-1.210328838347265,-0.14790404444673122,False
-0.36985873720757967,1.8305240702010703,False
0.5757057289250311,0.9260248810930372,False
1.6667098230500477,-1.1391010549511718,False
-1.5032359448584196,1.562355588495274,False
0.8975615932442276,-1.2856156483014543,False
-1.5946237573897495,1.960696234861694,False
1.2372206666804333,0.5746543159445787,False
-0.011067513845605781,0.8646798366531221,False
0.5115092130991759,0.2536665887107219,False
1.0193421376470357,1.0553438910956743,True
-1.5811423592043021,0.68230610892391,False
-1.408226874971675,-2.5051024293029047,False
-0.20282358282124813,-2.4439747369010147,False
1.5824079470824826,1.1999296620524333,False
-0.8687505464855283,1.9005448169342252,False
-1.4132623630958068,0.00029162166626228725,False
-1.4857200170310514,1.1630224110828298,False
-0.7956407546563016,0.5705350513317722,False
1.0299070529594376,1.1076540643846122,True
0.029303859915172925,0.7607842122995616,False
0.18752301005263794,-2.153080512106903,False
-1.2107900795485396,-2.039432805709027,False
0.4440697175196242,-1.6413201938970001,True
-0.985428614156723,1.6729730964381142,False
-1.050276792921018,-2.2961406649065865,False
1.4171033864036957,-2.977644634995925,False
0.03987942496074659,-0.29317090360220455,False
1.1291476482534741,1.3614122451908912,False
1.2191075983236943,-1.5329540570544276,False
-1.021214580398596,0.8806435817725655,True
-1.0684128328766584,1.0599962085981993,True
1.5724592327526437,1.2905564741882891,False
-1.8727949356744116,0.4359279449052882,False
-0.43270165310787134,-1.6540709461324559,True
0.9101505132994745,-1.1178199293561009,True
-1.1773716803736303,-0.003454440620284771,False
-0.9549998699304525,1.0515479530793899,True
-0.8430451935417153,1.1427731771067635,True
1.465302083238932,-0.20834889627741937,False
0.9224016786311777,-1.091317203595475,False
-1.546564906061482,1.1317653438823,False
1.240600677098636,1.2265665020443928,False
-0.10915525637133516,-2.2696653446040758,False
-1.450669978352841,0.21635459771761756,False
-1.95616594389071,-1.4815561534717747,False
-1.8620887801661237,-0.30521400042789093,False
-1.4027799396608347,-2.8542422650251122,False
-0.35463825216694156,0.6352671709949087,False
0.8526883586534353,0.9103419384698129,True
1.2926993494848453,-0.6523991080465184,False
0.879349146603877,-1.4705628954017387,False
0.09459009607780056,-0.9106702741346502,False
-0.8266561082466519,1.9790056368438869,False
-1.3906852315635323,1.2634431485165543,False
0.0984736408745297,-2.4916010231803845,False
-1.6109290088900714,-0.9983218891395862,False
0.8657924447231933,-1.9529462632983265,False
1.0405453411570191,1.0289091940980035,True
1.2051318683212102,-1.238497109786545,False
0.9451757550813145,0.9855380491630615,True
-0.8282539525106238,-1.5031297037768672,False
-1.9584167991279946,0.711789090444142,False
-0.12499104915174186,-0.04506068174997058,False
1.7471477514041598,-1.4314310275985642,False
0.029192816571451452,1.069013257689667,False
0.6550718310518415,-2.315561532630403,False
0.1327381828080032,-1.8506558777554964,True
0.7005216689376854,-1.4449507193979716,True
1.0434159550841686,-0.2717406883226152,False
0.1972706920375491,-2.100922055855464,True
-0.10781969976086314,-1.5723917345328355,False
-1.6872071053594553,-1.257704830092882,False
1.8608978997673593,0.2719198054209109,False
-1.8735578733549056,0.8041490589193643,False
0.7832942444069597,-0.33910203028093067,False
1.20306036208388,0.8857368710977236,True
0.9987113824062832,1.5160654068142652,False
0.7007331340335248,-1.621621781494108,True
-0.5312092062363019,-2.865136132818942,False
-0.6660471632735132,0.830866407237445,False
1.1820405927148836,-0.9648991306293566,False
1.0124712953768216,0.9677205194391705,True
-0.6190650291008013,0.7732312431950432,False
1.5067001884192575,1.4952736190051015,False
-0.9938011549478223,0.8972484326782133,True
-0.5157697111611501,1.2982954955459487,False
-1.6462035573322895,0.052273433986477436,False
1.4636152974938628,1.3078330024467917,False
-1.2192933643882031,-1.2683995598384397,False
-1.8450844454221014,-0.1433054665159137,False
1.081612723336004,1.18935344675962,True
-0.8634979360333546,-2.3909525824334485,False
0.2571897792687108,1.1387353067707897,False
-1.6364503129076313,1.7506323075985772,False
0.17556424816204563,-0.6148819432442965,False
1.068095809000758,-0.8064271283070004,False
1.672567463152547,-2.239037435456458,False
0.14534516866166158,-1.806666184672447,True
-1.00002208983016,1.1050113693779222,True
1.5859423463271964,-0.8483630262996655,False
-0.13978362630432528,-0.22722741325220142,False
-0.906472838583662,1.8737230486425833,False
-1.6492365005665053,0.9284521899506086,False
1.0168624855657478,-2.3909239609420316,False
1.178139615022297,-2.4808565020273856,False
-1.5436819305309362,-2.4357977473978223,False
0.14205814201157496,-1.4654287406368316,False
0.8889416693449999,0.574181844446894,False
-1.585206785372458,-0.7477996663037612,False
-1.124942442205262,-0.8221582853217302,False
0.8607945922506913,1.1153922240612226,True
1.1058541236603894,1.1887707540116255,False
-0.06271930725701225,0.41475923851080276,False
-1.865353689072597,-0.5948472739441697,False
-1.0713023956629744,0.7773882379022413,True
-1.479899451144708,0.23695255651563318,False
1.0581073320620606,1.2763844079849567,True
1.4791905561759098,-1.2123076872833205,False
-0.9725221162947832,1.0237349764509425,True
-0.49729961317539373,-1.9551727986365215,True
1.149158811795059,-1.0488868101177076,False
0.8314971258629003,1.303723699251174,False
-1.288874549481812,-0.0010159911466769422,False
1.063197944580913,1.0039512686693366,True
0.9927391686037325,0.9449397076436581,True
1.2228631642960113,0.5385634649915056,False
-0.2193022908778084,-2.615677701475131,False
0.9113280647514622,1.033419793089901,True
1.1224759993452862,1.6727038872185203,False
0.8031402420754505,-1.494883921779475,True
-1.9761979095091267,0.10839806141903141,False
0.9140331700018259,1.0225985486733755,True
-1.1904400078211705,0.8218873477521602,False
1.0749184600924198,0.9324478521563312,True
-0.5112328412478888,-1.8316453670794874,True
-0.9460763956882761,0.24603620210495603,False
-0.5182477887163492,0.30623546264474166,False
-0.06290353626623979,1.6308700086154646,False
-0.18298026448742366,0.6423884283737316,False
-0.15032204015024941,-0.4034429231306085,False
-0.5316224590257081,1.4233674890431187,False
0.9300404111450074,0.6705860871626808,False
1.0291205359743063,1.0566533696353573,True
-1.5869086177674427,-0.3920989352451727,False
-0.49144120618837306,1.478997533026118,False
0.3322303790036387,-0.8583732857895061,False
-1.8491886354076508,-0.7473405320000777,False
-1.7368848491798525,-2.8365748888446927,False
-1.0405037354121567,-0.5148022670456371,False
-1.63879836340501,-0.24367100574206813,False
-0.7856227444671515,-2.907995042831435,False
0.3640362570761879,1.9087863574707278,False
0.3057387257182964,-2.0925594753963876,True
1.835992203881502,0.6267600576364911,False
1.0561155480006605,-2.3918764514890096,False
-1.2782100584200986,1.2035599750611867,False
0.11726127832241628,1.3809449081353495,False
1.9034480596930803,-2.5514612041136644,False
0.7685749240111588,-2.382729996291677,False
-0.35335997950784614,-0.23920816070946138,False
-0.8510833573705755,1.0221296575034622,True
1.02118833867777,1.0704720624317108,True
1.108343968962938,1.6016660106790672,False
-1.6500473826288466,1.7541398512062498,False
0.5155168809427795,-1.3125561753118038,False
0.7482264148143973,-1.5026677240172748,False
0.4038260920604313,1.0805142438371842,False
0.23124451384667455,-1.835875671947373,True
1.084167471299614,1.2390960515463032,True
1.13465703567244,1.4170424106612298,False
0.6313941416728286,-1.5487153590568568,True
1.138356116290356,-1.0944953571854283,False
0.3319764501338136,-1.7191708471231095,True
-0.17311241073736605,0.6760740019734568,False
0.8275913887469071,-1.6428593844408275,False
1.0226363227251707,0.7921382106297825,True
-0.9315118112822685,-2.7246069914303708,False
0.2957298183212935,-1.9680969610453038,True
-0.44904017672454577,-0.967563784990404,False
0.2269039130118693,-2.1383203854086665,True
1.7995146370467552,0.9209078422709691,False
-0.9735465931683002,1.0565658344273825,True
-1.021420274099691,-2.597029369290353,False
0.9520675996424502,0.970098370703392,True
1.0156998376446689,0.9428544648920211,True
-0.3289208945959716,0.09163202430337325,False
1.4462464274019622,-0.33073720026642617,False
-1.9244710728552215,-1.2554467074597055,False
1.1035248954238317,1.0941522928188876,False
0.46080467070152187,-1.8031902077197894,True
-0.7431964766420007,0.9835961132333204,False
-0.26295074288081066,0.5830724466280071,False
-1.140419470090011,-2.5703110072551025,False
0.6629389304794302,-1.7447248285643906,True
1.160910970386296,0.6552829692807642,False
0.5645566914852158,0.16209873298206423,False
-0.7972260486182481,0.8634682678826335,True
-0.19791925627235551,-2.3049769279057513,False
0.15527408601039694,-2.763180671812928,False
-0.053994110488269964,-2.0321830636184814,True
-1.5686419131829887,1.7701497691847594,False
0.007524475633007732,0.21239412667246427,False
-0.12649640427780584,0.28046124932599703,False
0.8726143140303257,-1.96558044594792,False
1.3432994416386257,-0.08857940885172333,False
0.8804476258333029,0.9408137026852751,True
0.6903869825667117,-2.810850979966743,False
1.084100879493139,0.8554189922955694,True
0.25693508195197334,-1.7414333253414243,True
0.9695867073331166,1.0845981203493826,False
1.0363564556806648,0.9985247888195405,True
1.3536262799059595,0.2147683863157983,False
1.0030732022603628,-0.8476949906277071,False
0.6420805467039874,-1.3155299154688767,False
-1.3565152284267339,1.6336453475206643,False
0.668836461511471,-1.629394943643044,False
-1.1167520333241006,1.0040843424766002,True
-1.0755862175622908,0.9118888267352064,True
1.1057633183204614,0.9208511190522115,True
-1.070449292552976,1.173031551950634,True
1.6589781890819872,-0.9046723176990961,False
0.6604656774781046,0.9881339123248205,False
-0.154268060024088,-2.1049301716193107,True
1.07025622240016,0.9149653728344885,True
1.1150035724719818,1.0991946022342678,True
0.34632557063646896,-2.0282470070463976,True
-0.8091220341908814,1.0155923261453126,True
-0.8581066808354083,1.3100513548098656,False
0.7342715783961848,-1.5047170441956905,False
-0.2430907886616458,-1.9964632568880716,True
-1.2262626600145023,-0.3681521251514219,False
-0.7963339740967319,-2.801756135766766,False
-0.8221016611150471,-0.2973539940090011,False
-1.2617593669900171,-2.3952762441473903,False
0.4547549967557203,-1.96716949995649,True
-0.5899462796756028,-1.6233472654740064,True
1.6326954173592054,1.15251008722527,False
-0.98685212504695,-1.0325251499889676,False
1.3623618965039435,0.4408242831526259,False
0.9313141133474383,-1.386236915198418,True
1.7198058487629528,-2.1718740030042625,False
-1.3879214199621708,1.9203316586701327,False
1.4280899882519735,1.5251684862961756,False
-1.6759246144269841,1.1998434397332804,False
0.9838863091755942,1.0889157494072874,True
1.0313013128980861,1.08665207121683,True
-1.3361973743238766,-2.5299403887740404,False
-0.178440454615433,-2.9055863249249265,False
-0.924431115715131,1.0010281457155328,True
-0.9551490257487594,0.99404680352956,True
-0.9738275160320096,0.9757228728899637,True
-0.8288012987014007,0.9375410520698287,True
0.839262689309582,-0.6498372110010306,False
-1.1912462182799723,1.643348533603393,False
-0.400007232993302,-2.9328947879691896,False
-1.3058624598298745,1.7337218115541244,False
1.0281382568127064,-1.6124274881947582,False
1.3565546180930559,-0.42590950891723,False
-1.594597452202442,-0.8414647290157466,False
0.18863297422354064,-1.0594607596783008,False
0.7867045205986807,-1.416794449447118,True
-0.4531263900606386,-2.8163088369640534,False
-1.0827211504865497,0.02661000954290893,False
-0.8159162484322622,-1.3610646640078428,True
1.2240162147882647,0.9008917055591885,False
-0.4608201931328644,-2.8898418996132964,False
-0.3210698089759303,-2.177356911800791,False
-0.7458313363649127,0.9315086051576182,False
-0.1591060560912143,-1.829780599606241,False
1.1911052576233603,0.14794257180931902,False
1.1428740553232348,-2.1644396779530926,False
-0.5652508212368699,1.7160180145620387,False
1.2980417828848716,-2.9552294657614944,False
0.9602159771800008,1.0337437653613972,True
-0.3601679845686365,0.5712991878430178,False
1.0411204020707223,1.0890764956173118,True
1.5327289313639767,-1.703214467132128,False
-1.895182104448605,0.013040884793743324,False
0.7957790391693287,-2.236013414627906,False
1.1459927481585295,1.1015405457812522,True
-1.0702343714447364,1.5977420375929698,False
0.5271892618370133,-1.8574333245313448,True
-1.074852795333906,0.9891875073519737,True
1.095332412811243,0.7978745179805029,True
-1.4859012204199091,1.4142118617983428,False
0.16684854041725306,-1.8504920101777478,True
-0.8554296278698565,-2.7524943824492736,False
0.35203001613180174,-1.1465057293564742,False
0.9972615187202303,-1.21249352189691,True
-0.8432485856536284,0.9375770367209126,True
-1.084806403591437,0.015120826463623782,False
0.05394755763525261,1.6084111565811376,False
-0.34248951806992256,-1.76222721441012,True
-1.4583723920931626,0.5865349149836745,False
0.5589322475524772,-1.5821912045292295,True
1.0255010032994365,0.1288086986463859,False
1.0239555995003897,1.015122662929445,True
1.0276778945318332,-1.9122509541624029,False
-1.4039547501995644,1.915174201579255,False
-0.026743355999237384,-1.9339692911123718,False
-1.4099397281011936,1.5828575239970908,False
-0.7195065779869312,1.9539286132491922,False
0.9612113768032824,0.9912893030036001,True
-0.2789264209398157,-0.7369692404801031,False
-1.7214999261614716,1.5753582815614369,False
1.01773867193846,1.0983512729343166,True
1.2025017946438954,0.8519053308572464,False
-1.1734778307543934,1.0271660784374024,True
-1.9092483379402063,1.2213094607372526,False
-0.5822465890952531,-0.7910823935872959,False
1.2400578514347544,1.2931671204884445,False
-0.6035135700480567,-2.277908186985704,False
-0.9586594723575503,1.0717576932588282,True
-0.5049967592801399,-0.6264796629698188,False
0.9797353675370818,0.9344030655861066,True
-1.3371279134948146,0.1418003652816493,False
-0.2728939149110836,-0.7357688609329047,False
-1.543920884992136,1.0287859334610392,False
1.5853519075513391,0.3438729182875089,False
0.6724321145618215,0.3563939847067461,False
-0.07648500766251942,-2.041396864205231,True
0.2151742344680967,-0.46103897772547375,False
0.7278602269416119,-1.686285241439944,True
-1.2953438193329623,-2.5769513680518163,False
0.9665922634191904,1.0002118364683485,True
-0.18929353089780498,-1.5582906356285915,False
-0.12460890639488253,-2.4293078655187763,False
0.8296987225886762,1.0393710599138666,True
-0.6473775157892385,-1.8303395193247374,False
-1.9761411959630322,-0.6482415378775723,False
0.006202218782782598,0.06330745026300866,False
0.13733322412554005,-2.1540202985448667,True
1.0191639279519582,1.859116615959934,False
0.926178045586854,-2.05808351150827,False
1.7278286475329412,1.9850417502546183,False
0.3943754747457504,-1.8666301816237785,False
0.9665327517570397,-1.8260361593831183,False
-1.9336287924628874,-2.5056320712198916,False
-0.48324413358802687,-1.6471515616243322,True
0.5189062606613981,1.1786276352905318,False
-1.3738101881999962,-1.4584061848735743,False
-0.8986690526286549,-1.046181096049939,True
1.4910356099322941,-2.321241477899175,False
1.0532306838030774,-2.773529185286949,False
0.10690841860846145,0.07685232053171154,False
0.746001135592377,-2.4351762129386434,False
1.0209394787535924,0.9407113996161075,True
0.5729404208941227,-1.7404524112050286,False
-1.6276708837002318,-2.128976473596207,False
1.0994173294229173,-2.711934302938478,False
-1.4386775255016566,-0.7698725516694909,False
-0.9178952043892085,1.2097800780771693,True
1.0859588413717416,0.9363476495582651,True
0.897666281747084,-2.626227045217359,False
-1.6647643001224037,1.7828632436808158,False
0.47021646024926644,1.9623482218393091,False
-1.0952803021580908,1.1470996579505006,True
-1.8558425036712785,-0.03005029623483324,False
-0.6054356321755407,-1.2002263921418428,False
-0.5339169573863884,0.22617105105951163,False
0.6928876023155062,0.22142841617187248,False
-1.4200907047539815,-1.8204510141624741,False
-0.6473666684174586,-1.4670581309938024,True
0.9724226271343694,1.0500482900154373,True
0.330079988396486,1.4181559643187986,False
0.3733406905914154,-0.5873727415531684,False
0.5191690575584382,-1.6999973156798418,True
-0.2244416780889149,0.5295084296974064,False
-1.417642127798079,-2.97331337449489,False
-1.115460096538967,0.8731930949622918,True
-0.9733762593172164,1.0279428024532737,True
1.4751349859050733,1.778923428590459,False
0.26822193646606385,0.8147092858301788,False
-0.12069163101502589,-0.25857594547291773,False
0.0872890383804541,0.135836209126877,False
-0.21374607166859638,0.8215678631777865,False
1.1987237679949243,-1.7086758518450096,False
0.7392759769137409,-1.5486096225296888,True
0.9330843833058307,0.8949618066602101,False
1.8451999598791113,-1.8116868741550014,False
-0.7646014283463254,1.1037446791637855,False
0.7765106299217273,-2.5282883158522007,False
-0.11669568909863148,-0.6157218464178604,False
1.9239054834027463,-1.5859921272711732,False
-0.26248573957580135,-2.570471976669832,False
0.9601924041297143,-2.9128548964108916,False
1.6352549366604032,-0.45979442543303684,False
-0.3882485148806487,-0.24933752872871118,False
0.9766620453116222,1.3874567283181651,False
-0.6465325154794606,-1.4107144829951812,True
-0.7924814593268218,0.851059029866899,True
-0.7589814526856768,-1.1238365555102032,False
1.2916315118613868,1.0784177769068304,False
0.32021613444193653,0.6082775768277706,False
1.598543574167366,-2.1562061432559165,False
-0.2780160835481449,-2.0362888097568135,True
1.072070869494694,1.4955232131373908,False
-1.3053771569074661,-1.0531191835236755,False
0.9073745686469774,1.2007842950778,True
-0.7103285530906707,1.474600377694296,False
-1.5845323502487605,-2.4782239033407563,False
-0.8280409253527203,-0.4334967597677819,False
1.6403058946041096,0.8109911992090724,False
-0.399486440456708,-2.7322425782655326,False
-0.9606107737087325,0.9049974465203716,True
-1.2159813252458105,0.3593703980586276,False
-0.13055197818459385,-2.2340490105207103,False
-0.8369611003066266,0.08348198643457927,False
0.20930924077637947,-2.8716975750323908,False
1.7728275481211115,0.8381945442718401,False
0.9214564788236803,1.0462059737162048,True
1.0063084538957305,0.9715559316073707,True
-0.10589184343790103,0.39612461311239944,False
-0.8023356042755481,1.336272815956443,False
-0.954411898628146,-0.8580709055205773,False
-0.8521623240892628,-1.0299157296983181,False
1.1910759427277182,1.0787964683137614,True
1.1432706968426096,0.9687348103908288,True
0.26616531409951216,1.5779192940070565,False
-1.755201508654792,1.1190806483151512,False
-0.1028319624911711,-1.9151136086734803,True
-0.7518541577124347,1.1385254876189206,True
0.7305388663450214,-1.3369209900273793,True
-0.8961878968130037,1.1524672104060327,False
-1.7551021951033925,0.2663899428330341,False
-1.3815766594614751,0.4704490344647807,False
1.035376929399664,0.9724406366232318,True
-1.6929891270968134,-2.4353988622808287,False
1.140856158180573,1.6757098181504961,False
1.3136357521780888,-1.5174685243065118,False
0.6034856831342879,1.803397734825154,False
0.5571260960092164,-1.5186014724924553,True
0.2645775847486429,-2.092075776968044,False
-1.4346278033139335,-2.222269964047325,False
-1.3773480003977916,1.5234106249978847,False
0.9509516408521319,0.962556339980722,True
0.7818859536092106,-1.6659867573828375,False
-0.5729292637365933,-1.9351607594817661,False
0.8214043718773958,0.2203557326641863,False
1.538235162376512,-1.3334152171103737,False
1.2296571530798683,1.7070720181212886,False
-0.3876321819813573,-1.9270120386861156,True
1.8457832865783135,-1.2244264035996024,False
0.2589871503225152,-2.7716923728268372,False
1.0484288112749751,1.1363481512426146,True
-1.080679881604011,-1.073331218739761,False
-1.255864060709623,1.2290992466106072,False
-1.0501268132751667,0.9301871021031145,True
-0.9885698314696856,-1.2122365017775694,True
-0.18079091791256086,-1.8509467820991445,True
1.0023557610392553,0.9339770497955721,True
0.9680438600159769,0.9380006912278798,True
0.8446657660568939,0.9680702198179839,True
-0.19553073958679557,-1.7842075548800895,True
0.6182357361482165,-1.6659646898179907,True
-1.4927047534677924,0.20949473096477877,False
1.1436441430005604,1.549084511152981,False
-0.8222264450442607,-2.718180889855348,False
-1.262828242138065,-0.11552554095865641,False
-1.8832423220415797,0.8382891305374827,False
1.0755413982398134,1.0215268580969443,True
1.0031879973569031,1.1343182457528942,True
-1.3904602432392985,0.5590420129178129,False
1.218219485579037,1.1393799154238362,False
1.3842565496753068,0.2400457857519478,False
-0.17843452001748794,-2.741009912186875,False
-0.688277350887585,0.1925065723297381,False
-0.14006890024093277,0.647724453964428,False
0.9621489854197236,1.8064064202368746,False
-0.7394480989901071,1.624344725723632,False
-1.4435681099064088,-2.665595497447379,False
0.055626235317804085,-0.0857981043374747,False
-1.1371837873116695,0.9733582107357803,True
0.34713225651054147,-1.9602368309820835,False
-0.9810499778518729,-0.7783218620234287,False
1.0639632763193703,0.9037971168094808,True
-0.68947198646313,-1.5815283115642862,True
1.9775281346120508,0.34594491293746854,False
-1.133796840195097,0.9958613460385128,True
-1.4566857677096965,-2.6252959245754948,False
-0.9554147493738999,0.858964924231933,True
0.5630982528849886,1.536433631760036,False
1.7819800294407542,1.687959740293774,False
1.0003759847795497,0.8731005743926608,True
-1.0633119542160094,-1.7747219699663352,False
1.9741746082820901,0.5745890810063843,False
1.9922748633877294,-0.2958042015356983,False
1.470531282770653,-1.1538590509214055,False
-0.6942340621720682,0.5337871630948072,False
1.730945589079739,-2.778246774902202,False
-1.7982965991498419,-2.706059396218667,False
-1.179759909246731,0.8933359190750529,False
1.159699184356688,0.36141130680145483,False
-0.8358447810971195,0.8561022165525757,True
-1.7290068633063957,-2.1997742744454873,False
-0.9342414107566822,1.0200079881552395,True
0.44000200404302836,-2.010107195414096,False
-0.24709085522231922,-0.10534683458404626,False
1.1029617227006017,-0.2022385804676441,False
1.0536783824902751,0.9256169632063799,True
1.1402022582327391,-1.8056701290185435,False
-0.9010654803355109,1.8682207973837919,False
-1.5561502306701667,0.8806888821797019,False
0.9912682550987582,-0.9675213007949349,True
-0.8427257254244196,0.9895348425152234,True
-0.9440314298704808,-1.1869438119362616,True
-1.0631585787924451,0.9132930220437231,True
-0.3345770071510765,0.5855046245724855,False
-1.9612388933381713,-2.9559236214138402,False
-0.9829703104673712,0.8248294052207975,True
0.9685923893992938,-1.9208917446797948,False
0.9025763666232685,0.9929655122895897,True
1.8904744355118996,0.4712846870483691,False
1.526055332471107,-0.701176452856799,False
0.17116290693535374,1.088559534940119,False
-0.45646451274413824,-0.2842452958355137,False
1.157362099722167,-2.9532819753023016,False
1.007984231300863,0.9600035419303478,True
0.9842900863153349,0.9259530977219282,True
1.907360278428993,0.6004675072680916,False
-0.6709872883278498,1.3529748117487737,False
-1.007131794968056,0.583902236416106,False
-0.3540971556950865,-0.6701365144013374,False
0.15990564964850829,-1.9887163405477633,True
1.0863717291684838,0.9877908425152325,True
1.3373870479307208,1.476260629274317,False
-0.5599837735715942,-2.872273772535858,False
-0.9274285846878045,1.0916976283069235,True
1.7069747706981535,-0.47721437352404905,False
-0.7244844169012525,-0.473151911112196,False
-0.1694557012696154,1.3314520710561641,False
-0.21529754011451363,-2.1958067441249214,False
1.0399325436979576,1.0668488169205805,True
0.6483343860064119,-0.2033413097690202,False
-0.9514215862422861,-2.16643697168364,False
-0.850268678833523,1.0383970305837469,False
0.33271167991059825,0.023715265660629203,False
1.9563504825082876,1.1607587145622098,False
-0.9828397618014005,1.0982817829243106,True
-1.1027468847173614,0.9693361516130389,True
0.12046730035457909,-2.9553687950837304,False
0.7669120263771894,-0.2583998844855353,False
-1.9502647547520078,-1.1542393520068464,False
-0.9004007029754247,1.0955557932627455,True
-1.7931042078105528,1.6030704117095746,False
0.43490277027863833,-0.23268165833881493,False
-0.8717066753125476,1.0270337925739372,True
-1.8778689057312667,-2.5492099854646115,False
-0.002984552135096852,-0.25140004753270384,False
-1.2926459833764357,-2.07488112787991,False
-1.0200171850620676,0.9518689760642726,True
0.6051951239567321,-2.452918912334237,False
-1.0071309209631099,0.8680660913349146,True
1.4103225964388408,-2.4566353363477083,False
0.7755798057734451,-1.449467673314614,True
1.4638499768526194,1.6355909234836172,False
1.3716348678085053,-2.44022225309579,False
-0.3106860657102244,-1.4260938261133518,False
-0.5316193577372708,-1.5461260822594114,True
1.5022143676556317,1.3497412593030695,False
-1.121962569517377,0.9276051083244495,True
0.351887983215041,-1.3809158655559108,False
-1.9907922200100292,-2.2542307772645267,False
-0.11777384052908402,-1.9744926900951902,True
0.009060023641976223,-0.7387076329182749,False
-0.9476453981936201,1.0821517308998923,True
0.5596412230554606,-1.6759901632748797,True
0.09075865799716354,-2.058248695726511,True
-0.7240339813401628,-1.646101895595868,True
1.0386253689189053,1.0822775373765374,True
0.6039723036107008,-1.0409702447015348,False
-1.4279679795347633,1.6935945872513214,False
